Workbook

Sheet customers
A1: customer_id | B1: first_name | C1: last_name | D1: city | E1: province | F1: age | G1: email | H1: loyalty_points
A2: 1 | B2: Sophie | C2: Tremblay | D2: Montreal | E2: QC | F2: 28 | G2: sophie@email.ca | H2: 150
A3: 2 | B3: Marc | C3: Gagnon | D3: Laval | E3: QC | F3: 35 | G3: marc@email.ca | H3: 220
A4: 3 | B4: Sarah | C4: Roy | D4: Longueuil | E4: QC | F4: 24 | G4: sarah@email.ca | H4: 90
A5: 4 | B5: David | C5: Bouchard | D5: Montreal | E5: QC | F5: 42 | G5: david@email.ca | H5: 310
A6: 5 | B6: Emma | C6: Cote | D6: Laval | E6: QC | F6: 31 | G6: emma@email.ca | H6: 180

Sheet orders
A1: order_id | B1: customer_id | C1: product | D1: quantity | E1: unit_price | F1: subtotal | G1: customer_name | H1: city
A2: 1001 | B2: 1 | C2: Laptop | D2: 1 | E2: 1200 | F2: =D2*E2 -> 1200 | G2: =customers!B2 -> Sophie | H2: =customers!D2 -> Montreal
A3: 1002 | B3: 2 | C3: Monitor | D3: 2 | E3: 300 | F3: =D3*E3 -> 600 | G3: =customers!B3 -> Marc | H3: =customers!D3 -> Laval
A4: 1003 | B4: 3 | C4: Keyboard | D4: 1 | E4: 120 | F4: =D4*E4 -> 120 | G4: =customers!B4 -> Sarah | H4: =customers!D4 -> Longueuil
A5: 1004 | B5: 4 | C5: Mouse | D5: 3 | E5: 50 | F5: =D5*E5 -> 150 | G5: =customers!B5 -> David | H5: =customers!D5 -> Montreal
A6: 1005 | B6: 5 | C6: Webcam | D6: 2 | E6: 90 | F6: =D6*E6 -> 180 | G6: =customers!B6 -> Emma | H6: =customers!D6 -> Laval

Sheet reports
A1: report_id | B1: customer_name | C1: total_points | D1: order_value | E1: status | F1: city | G1: province | H1: summary
A2: 1 | B2: =customers!B2 -> Sophie | C2: =customers!H2 -> 150 | D2: =orders!F2 -> 1200 | E2: Active | F2: =customers!D2 -> Montreal | G2: =customers!E2 -> QC | H2: =B2&" - "&E2 -> Sophie - Active
A3: 2 | B3: =customers!B3 -> Marc | C3: =customers!H3 -> 220 | D3: =orders!F3 -> 600 | E3: Active | F3: =customers!D3 -> Laval | G3: =customers!E3 -> QC | H3: =B3&" - "&E3 -> Marc - Active
A4: 3 | B4: =customers!B4 -> Sarah | C4: =customers!H4 -> 90 | D4: =orders!F4 -> 120 | E4: Active | F4: =customers!D4 -> Longueuil | G4: =customers!E4 -> QC | H4: =B4&" - "&E4 -> Sarah - Active
A5: 4 | B5: =customers!B5 -> David | C5: =customers!H5 -> 310 | D5: =orders!F5 -> 150 | E5: Active | F5: =customers!D5 -> Montreal | G5: =customers!E5 -> QC | H5: =B5&" - "&E5 -> David - Active
A6: 5 | B6: =customers!B6 -> Emma | C6: =customers!H6 -> 180 | D6: =orders!F6 -> 180 | E6: Active | F6: =customers!D6 -> Laval | G6: =customers!E6 -> QC | H6: =B6&" - "&E6 -> Emma - Active
